company_name,job_name,job_url,deadline,location
SFL,Digital Marketing Specialist /Storyteller,https://staff.am/en/digital-marketing-specialist-storyteller, 30 July 2020 ,Yerevan
Chemonics International Inc.,"Public Communications and Outreach Officer, Armenia Integrity Project",https://staff.am/en/public-communications-and-outreach-officer-armenia-integrity-project, 08 July 2020 ,Yerevan
MOA Communications,Senior React.js Developer,https://staff.am/en/senior-reactjs-developer-62, 30 July 2020 ,Yerevan
Chemonics International Inc.,"Senior Governance Officer, Armenia Integrity Project",https://staff.am/en/senior-governance-officer, 08 July 2020 ,Yerevan
Chemonics International Inc.,"Deputy Chief of Party, Armenia Integrity Project",https://staff.am/en/deputy-chief-of-party, 08 July 2020 ,Yerevan
Med Standard,Medical equipment representative ,https://staff.am/en/medical-equipment-representative-2, 29 July 2020 ,Yerevan
Step Consulting LLC,Junior Accountant,https://staff.am/en/junior-accountant-21, 20 July 2020 ,Yerevan
«Teghout» CJSC ,Trainer,https://staff.am/en/trainer-16, 08 July 2020 ,Alaverdi
Network Zone,Digital Marketing Specialist,https://staff.am/en/digital-marketing-specialist-216, 30 July 2020 ,Yerevan
Atenk Ltd,Անվտանգության աշխատակից (իգական),https://staff.am/en/anvtangutyan-asxatakic-igakan-1, 15 July 2020 ,Yerevan
Network Zone,Graphic Designer ,https://staff.am/en/graphic-designer-373, 30 July 2020 ,Yerevan
DISQO,Senior Product Manager - Mobile Applications,https://staff.am/en/senior-product-manager-mobile-applications-1, 30 July 2020 ,Yerevan
DISQO,"Associate Software Development Engineer in Test , Front-End",https://staff.am/en/associate-software-development-engineer-in-test-front-end, 30 July 2020 ,Yerevan
 Joomag,QA tester,https://staff.am/en/qa-tester-11, 30 July 2020 ,Yerevan
Renderforest,SMM specialist ,https://staff.am/en/smm-specialist-333, 30 July 2020 ,Yerevan
Հայ-Թեք Գեթվեյ ՍՊԸ հ/մ,System Administrator/DevOps,https://staff.am/en/system-administratordevops-10, 30 July 2020 ,Yerevan
Հայ-Թեք Գեթվեյ ՍՊԸ հ/մ,ՏԵԽՆԻԿԱԿԱՆ ԱՋԱԿՑՈՒԹՅԱՆ ՄԱՍՆԱԳԵՏ,https://staff.am/en/texnikakan-ajakcutyan-masnaget-18, 30 July 2020 ,Yerevan
Genacvale Tavern,ՄԱՐՔԵԹԻՆԳԻ ՄԱՍՆԱԳԵՏ,https://staff.am/en/marketingi-masnaget-72, 30 July 2020 ,Yerevan
DataArt Armenia,"DevOps Engineer, Communications Services",https://staff.am/en/devops-engineer-communications-services, 30 July 2020 ,Yerevan
FCl Urartu SNGO, Translator,https://staff.am/en/translator-23, 30 July 2020 ,Yerevan
MINNOVA.AM,Experienced UI-UX Designer/UI Artist,https://staff.am/en/experienced-ui-ux-designerui-artist, 30 July 2020 ,Yerevan
Rockbite Games,Junior/Mid Game UI Engineer (bootcamp),https://staff.am/en/juniormid-game-ui-engineer-bootcamp-1, 08 July 2020 ,Yerevan
Chemonics International Inc.,"Chief of Party, Armenia Integrity Project",https://staff.am/en/chief-of-party-armenia-integrity-project, 08 July 2020 ,Yerevan
Ameriabank CJSC,Cashier,https://staff.am/en/cashier-49, 12 July 2020 ,Yerevan
UNDP Armenia Office, Junior Expert /Facilitator of National Determined Contributions Implementation in Armenia,https://staff.am/en/junior-expert-facilitator-of-national-determined-contributions-implementation-in-armenia, 07 July 2020 ,Yerevan
SOS Children's Villages Armenia,«Իջևան» մասնաճյուղի շրջիկ ԸԱ «Տավուշ» ծրագրի սոցիալական աշխատող,https://staff.am/en/ijevan-masnacyugi-srjik-a-tavus-cragri-socialakan-asxatog-1, 15 July 2020 ,Noyemberyan
BIVAC Armenia CJSC,Back-End Software Engineer,https://staff.am/en/back-end-software-engineer-6, 30 July 2020 ,Yerevan
ՇԻՆԱՐԱՐԱԿԱՆ ՍՊԸ,Գլխավոր հաշվապահի տեղակալ,https://staff.am/en/deputy-chief-accountant-19, 30 July 2020 ,Yerevan
BIVAC Armenia CJSC,Front-End Developer,https://staff.am/en/front-end-developer-364, 30 July 2020 ,Yerevan
Ameriabank CJSC,Inbound Communication Team Specialist,https://staff.am/en/inbound-communication-team-specialist-2, 12 July 2020 ,Yerevan
National Instruments AM LLC,Engineering Project Manager,https://staff.am/en/engineering-project-manager, 29 July 2020 ,Yerevan
Digitain ,Mid/Senior Angular Developer,https://staff.am/en/midsenior-angular-developer-9, 15 July 2020 ,Yerevan
Easy Pay LLC,Պրոցեսինգային համակարգի մասնագետ,https://staff.am/en/procesingayin-hamakargi-masnaget-1, 29 July 2020 ,Yerevan
ACBA-CREDIT AGRICOLE BANK CJSC,Junior Network administrator,https://staff.am/en/junior-network-administrator-1, 29 July 2020 ,Yerevan
Partner Company,Փաստաբան,https://staff.am/en/pastaban-14, 29 July 2020 ,Yerevan
Ameriabank CJSC,Специалист-Кассир,https://staff.am/en/specialist-kassir-6, 12 July 2020 ,Yerevan
ServiceTitan,Sr. Product Manager - Marketing,https://staff.am/en/sr-product-manager-marketing, 29 July 2020 ,Yerevan
AraratBank OJSC,Accountant-cashier,https://staff.am/en/accountant-cashier-6, 29 July 2020 ,Yerevan
Studio One,PHP Developer,https://staff.am/en/php-developer-202, 29 July 2020 ,Yerevan
ՍՎԵՏԱ ՍՊԸ,account holder,https://staff.am/en/account-holder, 29 July 2020 ,Yerevan
Studio One,Intermediate Front End Developer (coder),https://staff.am/en/front-end-developer-coder-senior-and-intermediate, 29 July 2020 ,Yerevan
ServiceTitan,Senior Software Engineer (Security Compliance),https://staff.am/en/senior-software-engineer-security-compliance, 29 July 2020 ,Yerevan
Studio One,System Administrator/DevOps,https://staff.am/en/system-administratordevops-7, 29 July 2020 ,Yerevan
WEISSCO LLC,Accountant,https://staff.am/en/accountant-470, 29 July 2020 ,Yerevan
DISQO,Helpdesk Technician,https://staff.am/en/helpdesk-technician-9, 29 July 2020 ,Yerevan
SoftConstruct,React.js Developer - SpringBuilder,https://staff.am/en/reactjs-developer-springbuilder, 29 July 2020 ,Yerevan
SoftConstruct,QA Engineer - SpringBuilder,https://staff.am/en/qa-engineer-springbuilder, 29 July 2020 ,Yerevan
ServiceTitan,Manual QA Tester,https://staff.am/en/manual-qa-tester-27, 29 July 2020 ,Yerevan
The Communities Association of Armenia,Ծրագրերի (ֆոնդհայթայթման) պատասխանատու,https://staff.am/en/cragreri-fondhaytaytman-patasxanatu, 08 July 2020 ,Yerevan
Adjarabet.am,Sports Web Designer,https://staff.am/en/sports-web-designer-1, 15 July 2020 ,Yerevan
Adjarabet.am,Research Analyst,https://staff.am/en/research-analyst-13, 15 July 2020 ,Yerevan
The Communities Association of Armenia,Ծրագրերի մշակման պատասխանատու,https://staff.am/en/cragreri-msakman-patasxanatu, 08 July 2020 ,Yerevan
Veolia Armenia,Հարկային հաշվառման մասնագետ,https://staff.am/en/harkayin-hasvarman-masnaget, 29 July 2020 ,Yerevan
SOS Children's Villages Armenia,Մանկավարժ / «Երևանում Սիրիահայ ընտանիքների սոցիալ-տնտեսական ինտեգրումը» ծրագիր,https://staff.am/en/mankavarz-erevanum-siriahay-ntanikneri-social-tntesakan-integrum-cragir-3, 15 July 2020 ,Yerevan
SOS Children's Villages Armenia,Խոհարար / «Երևանում Սիրիահայ ընտանիքների սոցիալ-տնտեսական ինտեգրումը» ծրագիր,https://staff.am/en/xoharar-erevanum-siriahay-ntanikneri-social-tntesakan-integrum-cragir-2, 15 July 2020 ,Yerevan
AAB Construction,Marketing Specialist ,https://staff.am/en/marketing-specialist-218, 29 July 2020 ,Yerevan
Synopsys Armenia ,ASIC Physical Design Engineer/ 25774,https://staff.am/en/asic-physical-design-engineer-25774, 29 July 2020 ,Yerevan
Cypress,IT Project Manager,https://staff.am/en/it-project-manager-89, 26 July 2020 ,Yerevan
Synopsys Armenia ,Senior ASIC Physical Design Engineer/ 25762BR,https://staff.am/en/senior-asic-physical-design-engineer-25762br, 29 July 2020 ,Yerevan
Synopsys Armenia ,Senior QA Engineer,https://staff.am/en/senior-qa-engineer-163, 29 July 2020 ,Yerevan
Synopsys Armenia ,Senior R&D Engineer/25405,https://staff.am/en/senior-rd-engineer25405, 29 July 2020 ,Yerevan
Synopsys Armenia ,ASIC Physical Design Engineer/ 25773,https://staff.am/en/asic-physical-design-engineer-25773, 29 July 2020 ,Yerevan
Synopsys Armenia ,ASIC Physical Design Engineer/25778,https://staff.am/en/asic-physical-design-engineer25778, 29 July 2020 ,Yerevan
Synopsys Armenia ,Senior Analog Design Engineer/ 25717BR,https://staff.am/en/senior-analog-design-engineer-25717br, 29 July 2020 ,Yerevan
Synopsys Armenia ,Analog Design Engineer/25799 ,https://staff.am/en/analog-design-engineer25799, 29 July 2020 ,Yerevan
SoftConstruct,Scrum Master - SpringBuilder,https://staff.am/en/scrum-master-springbuilder, 28 July 2020 ,Yerevan
ANITEX LLC,Sales manager,https://staff.am/en/sales-manager-413, 27 July 2020 ,Yerevan
Concern-Energomash CJSC, Medical Equipment Representative,https://staff.am/en/medical-equipment-representative, 17 July 2020 ,Yerevan
Softline Armenia,Chief Accountant,https://staff.am/en/chief-accountant-83, 26 July 2020 ,Yerevan
PubNative GmbH,Software Engineer (m/f/d),https://staff.am/en/software-engineer-mfd, 26 July 2020 ,Yerevan
Softline Armenia,Sales Solution Infrastructure,https://staff.am/en/sales-solution-infrastructure-4, 26 July 2020 ,Yerevan
Softline Armenia,Online Store Manager,https://staff.am/en/online-store-manager, 26  July 2020 ,Yerevan
Easy Pay LLC,Վճարումների խորհրդատու,https://staff.am/en/vcarumneri-xorhrdatu-2, 26 July 2020 ,Yerevan
Concern-Energomash CJSC,Accountant-cashier,https://staff.am/en/accountant-cashier-3, 26 July 2020 ,Yerevan
SoftConstruct,HR specialist,https://staff.am/en/hr-specialist-105, 10 July 2020 ,Yerevan
Digitec Innovations LLC,IT Project Manager,https://staff.am/en/it-project-manager-86, 26 July 2020 ,Yerevan
Digitec Innovations LLC,Backend Developer,https://staff.am/en/backend-developer-34, 26 July 2020 ,Yerevan
Էյ Էմ Գրուպ ՍՊԸ,Հաշվետար,https://staff.am/en/hasvetar-54, 26 July 2020 ,Yerevan
SoftConstruct,Product Owner,https://staff.am/en/product-owner-137, 26 July 2020 ,Yerevan
Partner Company,Executive Assistant,https://staff.am/en/executive-assistant-87, 26 July 2020 ,Yerevan
SoftConstruct,Accountant,https://staff.am/en/accountant-467, 10 July 2020 ,Yerevan
SoftConstruct,Junior Risk Analyst (mixed shifts),https://staff.am/en/junior-risk-analyst-night-shifts-6, 15 July 2020 ,Yerevan
IYC technologies,Technical Project Manager ,https://staff.am/en/technical-project-manager-26, 26 July 2020 ,Yerevan
Բերդ Կաթնամթերք,Վաճառքի մենեջեր,https://staff.am/en/vacarki-menejer-125, 10 July 2020 ,Yerevan
Բերդ Կաթնամթերք,Պանրի տեխնոլոգ,https://staff.am/en/panri-texnolog, 10 July 2020 ,Chambarak
Innorise Entertainment LLC,Senior PHP / Laravel Developer,https://staff.am/en/senior-php-laravel-developer-6, 26 July 2020 ,Yerevan
All.me LLC,Content Moderator,https://staff.am/en/content-moderator-18, 09 July 2020 ,Yerevan
SEF International UCO ,Internal Auditor,https://staff.am/en/internal-auditor-40, 10 July 2020 ,Yerevan
MentorcliQ,Senior Java Software Engineer,https://staff.am/en/senior-java-software-engineer-73, 26 July 2020 ,Yerevan
SEF International UCO ,Senior Internal Auditor ,https://staff.am/en/senior-internal-auditor-11, 10 July 2020 ,Yerevan
SEF International UCO ,Գործընկերների ներգրավման մասնագետ,https://staff.am/en/gorcnkerneri-nergravman-masnaget-9, 10 July 2020 ,Yerevan
Priotix,Senior Backend (node.js) Developer,https://staff.am/en/senior-backend-nodejs-developer-4, 26 July 2020 ,Yerevan
SEF International UCO ,Ժամկետանցի կառավարման բաժնի ղեկավար,https://staff.am/en/zamketanci-karavarman-bazni-gekavar-7, 10 July 2020 ,Yerevan
Workfront Armenia,Senior Software Development Engineer in Test,https://staff.am/en/senior-software-development-engineer-in-test, 26 July 2020 ,Yerevan
Fora Premium,Հյուրընկալ,https://staff.am/en/hyurnkal-3, 26 July 2020 ,Yerevan
AraratBank OJSC,Graphic designer,https://staff.am/en/graphic-desinger, 20 July 2020 ,Yerevan
Fast Credit Capital UCO CJSC,Ավագ գանձապահ «Վանաձոր» մասնաճյուղում,https://staff.am/en/ganjapah-36-3, 26 July 2020 ,Vanadzor
Sygnoos ,Graphic Designer ,https://staff.am/en/graphic-designer-370, 26 July 2020 ,Yerevan
LSOFT LTD,Senior Software Developer,https://staff.am/en/senior-software-developer-27, 25 July 2020 ,Yerevan
SoftConstruct,SMM Specialist,https://staff.am/en/smm-specialist-330, 10 July 2020 ,Yerevan
All.me LLC,UI/UX designer,https://staff.am/en/uiux-designer-398, 08 July 2020 ,Yerevan
Digitain ,Financial Reporting and Media Planning Unit Manager,https://staff.am/en/financial-reporting-and-media-planning-unit-manager, 18 July 2020 ,Yerevan
Bplan LLC,Sales Manager,https://staff.am/en/sales-manager-410, 25 July 2020 ,Yerevan
Armada Armenia,Call Center Agent,https://staff.am/en/call-center-agent-4, 25 July 2020 ,Yerevan
Essential,Java Software Engineer,https://staff.am/en/java-software-engineer-1, 25 July 2020 ,Yerevan
American University of Armenia Fund,Software Developer,https://staff.am/en/software-developer-77, 16 July 2020 ,Yerevan
Գրանթ Թորնթոն ՓԲԸ,Associate Consultant,https://staff.am/en/associate-consultant-4, 20 July 2020 ,Yerevan
Գրանթ Թորնթոն ՓԲԸ,Consultant,https://staff.am/en/consultant-12, 20 July 2020 ,Yerevan
Հայաստանում ֆրանսիական համալսարան/ French University in Armenia (UFAR),«Բանկային և ապահովագրական ոլորտի մասնագիտություններ» առարկայի դասախոս,https://staff.am/en/bankayin-ev-apahovagrakan-olorti-masnagitutyunner-ararkayi-dasaxos, 15 July 2020 ,Yerevan
Հայաստանում ֆրանսիական համալսարան/ French University in Armenia (UFAR),Ինֆորմատիկա և կիրառական մաթեմատիկա ֆակուլտետի դասախոս,https://staff.am/en/informatika-ev-kirarakan-matematika-fakulteti-dasaxos, 15 July 2020 ,Yerevan
Art Lunch,Digital Marketing Specialist,https://staff.am/en/digital-marketing-specialist-213, 25 July 2020 ,Yerevan
ServiceTitan,Sr. Product Manager - Sales Tech,https://staff.am/en/sr-product-manager-sales-tech, 25 July 2020 ,Yerevan
ServiceTitan,Product Manager - Inventory,https://staff.am/en/product-manager-inventory, 25 July 2020 ,Yerevan
ServiceTitan,Product Manager - Accounting,https://staff.am/en/product-manager-accounting, 25 July 2020 ,Yerevan
Devolon Armenia,Mid Angular Developer,https://staff.am/en/mid-angular-developer, 25 July 2020 ,Yerevan
Haypost CJSC,UI/UX Designer,https://staff.am/en/uiux-designer-395, 25 July 2020 ,Yerevan
IFCMARKETS.CORP.,Motion designer/Video Editor Freelance/Videographer,https://staff.am/en/motion-designervideo-editor-freelancevideographer-1, 02 July 2020 ,Yerevan
Globbing,Logistics Manager,https://staff.am/en/logistics-manager-36, 24 July 2020 ,Yerevan
ID Bank CJSC,Call Center Specialist (evening and night shift),https://staff.am/en/call-center-specialist-evening-and-night-shift-1, 10 July 2020 ,Yerevan
SoftConstruct,Live Dealer (English or Spanish),https://staff.am/en/live-dealer-english-or-spanish-1, 24 July 2020 ,Yerevan
Globbing,Purchasing and Business Department Manager,https://staff.am/en/purchasing-and-business-department-manager-7, 24 July 2020 ,Yerevan
ID Bank CJSC,Հեռախոսազանգերի կենտրոնի Տեղեկատվական խմբի ղեկավար,https://staff.am/en/heraxosazangeri-kentroni-tegekatvakan-xmbi-gekavar-1, 10 July 2020 ,Yerevan
Webb Fontaine Holding LLC,Product Manager,https://staff.am/en/product-manager-155, 24 July 2020 ,Yerevan
Taxi Armenia LLC,Mid/PHP developer,https://staff.am/en/midphp-developer, 24 July 2020 ,Yerevan
All.me LLC,Node.js Developer,https://staff.am/en/nodejs-developer-77, 02 July 2020 ,Yerevan
ՇԻՆԱՐԱՐԱԿԱՆ ՍՊԸ,Շուկայի զարգացման պատասխանատու,https://staff.am/en/sukayi-zargacman-patasxanatu-30, 24 July 2020 ,Yerevan
buymie,Data analyst,https://staff.am/en/data-analyst-53, 24 July 2020 ,Yerevan
Ucom CJSC, Sales and Service Specialist ,https://staff.am/en/sales-and-service-specialist-37, 15 July 2020 ,Yerevan
Mikshin,Ինժեներ,https://staff.am/en/inzener-28, 24 July 2020 ,Yerevan
UNITED NATIONS WORLD FOOD PROGRAMME - ARMENIA,National Programme Policy Officer (School Meals Programme Implementation),https://staff.am/en/national-programme-policy-officer-school-meals-programme-implementation, 08 July 2020 ,Yerevan
"""LIMUSH"" Printing House",թվային գունավոր տպագրության սարքավորման օպերատոր/մասնագետ,https://staff.am/en/tvayin-gunavor-tpagrutyan-sarkavorman-operatormasnaget, 24 July 2020 ,Yerevan
Mikshin,Աշխղեկ,https://staff.am/en/asxgek-2, 24 July 2020 ,Yerevan
Praemium RA LLC,.Net Developer (full stack),https://staff.am/en/net-developer-full-stack-30, 24 July 2020 ,Yerevan
Haypost CJSC,Graphic Designer ,https://staff.am/en/graphic-designer-366, 24 July 2020 ,Yerevan
Inecobank CJCS,Security Officer,https://staff.am/en/security-officer-19, 24 July 2020 ,Yerevan
VG LLC,Accountant and Financial Controller,https://staff.am/en/accountant-464, 20 July 2020 ,Yerevan
Հայաստանի ֆուտբոլի ֆեդերացիա,Sales/service management,https://staff.am/en/salesservice-management, 24 July 2020 ,Yerevan
IFCMARKETS.CORP.,Linux Systems Administrator,https://staff.am/en/linux-systems-administrator-12, 02 July 2020 ,Yerevan
UNDP Armenia Office,Human Rights Expert,https://staff.am/en/human-rights-expert, 04 July 2020 ,Yerevan
Տուն Սերվիս ՍՊԸ,Customer Support Representative ,https://staff.am/en/customer-support-representative-26, 24 July 2020 ,Yerevan
SoftConstruct,Unity Developer,https://staff.am/en/unity-developer-29, 24 July 2020 ,Yerevan
ՍԻԷԼԷՅ ,Մատակարար,https://staff.am/en/matakarar-12, 24 July 2020 ,Yerevan
Digitain ,Targeted Marketing Junior Specialist,https://staff.am/en/targeted-marketing-junior-specialist, 24 July 2020 ,Yerevan
Assets CJSC,Accountant Intern,https://staff.am/en/accountant-intern, 24 July 2020 ,Yerevan
SoftConstruct,QA Engineer,https://staff.am/en/qa-engineer-506, 24 July 2020 ,Yerevan
Digitain ,Payment Specialist,https://staff.am/en/payment-specialist-10, 24 July 2020 ,Yerevan
Atenk Ltd,Որակի վերահսկիչ,https://staff.am/en/oraki-verahskic-12, 16 July 2020 ,Yerevan
Atenk Ltd,Մեխանիկ,https://staff.am/en/mexanik-36, 15 July 2020 ,Yerevan
Atenk Ltd,Technologist ,https://staff.am/en/technologist-8, 08 July 2020 ,Yerevan
AOByte,Mid Level Java Developer,https://staff.am/en/mid-level-java-developer-24, 24 July 2020 ,Yerevan
Teach For Armenia,Seroond Schools Assistant Instructional Designer,https://staff.am/en/seroond-schools-assistant-instructional-designer, 08 July 2020 ,Ijevan
DISQO,Senior Customer Support Representative,https://staff.am/en/senior-customer-support-representative, 23 July 2020 ,Yerevan
DISQO,Senior Java Engineer,https://staff.am/en/senior-java-engineer-6, 23 July 2020 ,Yerevan
DISQO,Survey Programmer,https://staff.am/en/survey-programmer, 23 July 2020 ,Yerevan
TeamViewer Armenia,Junior Full Stack Web Engineer (m/f/d) Remote Management,https://staff.am/en/junior-full-stack-web-engineer-mfd-remote-management-1, 23 July 2020 ,Yerevan
ԿՐԵԴՈ ՖԻՆԱՆՍ ՈՒՎԿ ՓԲԸ,Խնդրահարույց ակտիվների հետ աշխատանքի ստորաբաժանման աշխատակից,https://staff.am/en/xndraharuyc-aktivneri-het-asxatanki-storabazanman-asxatakic, 23 July 2020 ,Yerevan
TeamViewer Armenia,(Senior) Software Engineer (m/f/d) with focus on Security,https://staff.am/en/senior-software-engineer-mfd-with-focus-on-security-9, 23 July 2020 ,Yerevan
Autofan,Վաճառքի մասնագետ,https://staff.am/en/vacarki-masnaget-48, 23 July 2020 ,Yerevan
WIC WorldCom International ,Full Stack Web Developer,https://staff.am/en/full-stack-web-developer-92, 23 July 2020 ,Yerevan
Partner Company,IT Project Manager (Programmer),https://staff.am/en/it-project-manager-83, 23 July 2020 ,Yerevan
Epiroc Armenia LLC,Accountant,https://staff.am/en/accountant-461, 01 July 2020 ,Yerevan
National Instruments AM LLC,Technical Content Developer,https://staff.am/en/content-developer-4, 23 July 2020 ,Yerevan
Synergy International Systems,Marketing Specialist,https://staff.am/en/marketing-specialist-215, 23 July 2020 ,Yerevan
BlueNet,Senior .NET Developer,https://staff.am/en/senior-net-developer-159, 23 July 2020 ,Yerevan
ԶՈԼՈՏՈԵ ՊՈԼԵ ՍՊԸ,Head of Marketing Department,https://staff.am/en/head-of-marketing-department-21, 23 July 2020 ,Yerevan
Codics Software Producers,Web Backend Developer,https://staff.am/en/web-backend-developer-14, 14 July 2020 ,Yerevan
Codics Software Producers,Web Frontend Developer,https://staff.am/en/web-frontend-developer-11, 14 July 2020 ,Yerevan
Ֆասթ ՍՊԸ,Լոգիստ-մենեջեր,https://staff.am/en/logist-menejer-37, 23 July 2020 ,Yerevan
Greenhouse Engineering LLC,Supply specialist,https://staff.am/en/supply-specialist-3, 23 July 2020 ,Yerevan
SoftConstruct,Graphic Designer,https://staff.am/en/illustrator-30, 23 July 2020 ,Yerevan
DataArt Armenia,Payments Expert,https://staff.am/en/payments-expert, 23 July 2020 ,Yerevan
TT soft,Customer Support Specialist - English language,https://staff.am/en/customer-support-specialist-english-language-1, 23 July 2020 ,Yerevan
Գուդկրեդիտ ՈւՎԿ ՓԲԸ,Debt Collection Specialist,https://staff.am/en/debt-collection-specialist-12, 23 July 2020 ,Yerevan
Evocabank,Info Consultant,https://staff.am/en/info-consultant-3, 13 July 2020 ,Vanadzor
Exinity Group,Relationship Manager,https://staff.am/en/relationship-manager-5, 23 July 2020 ,Yerevan
Exinity Group,Head of Customer Service / Armenia,https://staff.am/en/head-of-customer-service-armenia, 23 July 2020 ,Yerevan
SoftConstruct,IT Security Engineer,https://staff.am/en/it-security-engineer-6, 22 July 2020 ,Yerevan
Evolution Gaming,Talent Acquisition Specialist,https://staff.am/en/talent-acquisition-specialist-16, 05 July 2020 ,Yerevan
ACBA-CREDIT AGRICOLE BANK CJSC,SME Business Product Planning and Management Team Specialist,https://staff.am/en/sme-business-product-planning-and-management-team-specialist, 23 July 2020 ,Yerevan
Digitain ,Information security compliance officer,https://staff.am/en/information-security-compliance-officer-1, 23 July 2020 ,Yerevan
Digitain ,Information security officer,https://staff.am/en/information-security-officer-15, 23 July 2020 ,Yerevan
Telcell CJSC,iOS developer,https://staff.am/en/ios-developer-226, 20 July 2020 ,Yerevan
Telcell CJSC,Android developer,https://staff.am/en/android-developer-246, 20 July 2020 ,Yerevan
MentorcliQ,UI/UX Designer,https://staff.am/en/uiux-designer-368, 22 July 2020 ,Yerevan
IndexBoard,QA Engineer,https://staff.am/en/qa-engineer-503, 22 July 2020 ,Yerevan
Telecom,Sales manager,https://staff.am/en/sales-manager-408, 22 July 2020 ,Yerevan
Digitain ,QA Engineer,https://staff.am/en/qa-engineer-500, 06 July 2020 ,Yerevan
Սերտիֆիկացման միջազգային կենտրոն ՍՊԸ,Քիմիկ,https://staff.am/en/kimik, 22 July 2020 ,Yerevan
Locator CJSC,Security and fire systems specialist,https://staff.am/en/security-and-fire-systems-specialist-1, 22 July 2020 ,Yerevan
Easy Pay LLC,Internal monitoring specialist,https://staff.am/en/internal-monitoring-specialist, 22 July 2020 ,Yerevan
Codics Software Producers,Project Manager,https://staff.am/en/project-manager-262, 10 July 2020 ,Yerevan
Margasoft Corp,Full Stack .Net Developer,https://staff.am/en/full-stack-net-developer-20, 22 July 2020 ,Yerevan
ID Bank CJSC,Quality Assurance and Testing Specialist,https://staff.am/en/quality-assurance-and-testing-specialist, 12 July 2020 ,Yerevan
SoftConstruct,Internal Audit Specialist,https://staff.am/en/internal-audit-specialist-34, 06 July 2020 ,Yerevan
DataArt Armenia,Senior Sitecore Developer,https://staff.am/en/senior-sitecore-developer, 22 July 2020 ,Yerevan
DataArt Armenia,"Embedded Software Engineer, Communications Services",https://staff.am/en/embedded-software-engineer-communications-services, 22 July 2020 ,Yerevan
ACRA CREDIT REPORTING CJSC,Senior Programmer,https://staff.am/en/senior-programmer-2, 06 July 2020 ,Yerevan
MentorcliQ,Senior PHP Software Engineer,https://staff.am/en/senior-php-software-engineer-4, 22 July 2020 ,Yerevan
ACRA CREDIT REPORTING CJSC,QA Engineer,https://staff.am/en/qa-engineer-499, 06 July 2020 ,Yerevan
Derjava,Պրեսելլեր,https://staff.am/en/preseller-67, 22 July 2020 ,Yerevan
Webb Fontaine Holding LLC,Data Engineer,https://staff.am/en/data-engineer-51, 22 July 2020 ,Yerevan
RedKiteLLC,Senior QA engineer,https://staff.am/en/senior-qa-engineer-160, 22 July 2020 ,Yerevan
Veolia Armenia,Հարկային հաշվառման խմբի ղեկավար,https://staff.am/en/harkayin-hasvarman-xmbi-gekavar, 20 July 2020 ,Yerevan
Vardanyan & Partners,Intern,https://staff.am/en/intern-28, 22 July 2020 ,Yerevan
LEVI'S,Online Sales & Delivery Specialist,https://staff.am/en/online-sales-delivery-specialist, 10 July 2020 ,Yerevan
Willing & Able Operations LLC,Content Writer / Project Writer - Internship - NATIVE LEVEL ENGLISH ,https://staff.am/en/content-writer-project-writer-internship-native-level-english-34, 20 July 2020 ,Yerevan
Willing & Able Operations LLC,INTERNSHIP 6 Month: Graphic Designer,https://staff.am/en/internship-6-month-graphic-designer-12, 20 July 2020 ,Yerevan
Willing & Able Operations LLC,INTERNSHIP 6 Month: UI/UX Designer,https://staff.am/en/internship-6-month-uiux-designer-24, 20 July 2020 ,Yerevan
Willing & Able Operations LLC,NATIVE SPEAKER German Content Writer / German Desk - Internship,https://staff.am/en/native-speaker-german-content-writer-german-desk-internship-16, 20 July 2020 ,Yerevan
Willing & Able Operations LLC,WordPress Developer (ENGLISH IS WORKING LANGUAGE),https://staff.am/en/wordpress-developer-english-is-working-language-31, 20 July 2020 ,Yerevan
Willing & Able Operations LLC,NATIVE SPEAKER GERMAN Office Employee / Academical Writer,https://staff.am/en/native-speaker-german-office-employee-academical-writer-16, 20 July 2020 ,Yerevan
Willing & Able Operations LLC,Content Writer / Project Writer - Internship - NATIVE LEVEL ENGLISH ,https://staff.am/en/content-writer-project-writer-internship-native-level-english-31, 20 July 2020 ,Yerevan
Willing & Able Operations LLC,WordPress Plugin Developer,https://staff.am/en/wordpress-plugin-developer-78, 20 July 2020 ,Yerevan
Willing & Able Operations LLC,Back-end Developer Internship (6 month),https://staff.am/en/back-end-developer-internship-3-6-month-58, 20 July 2020 ,Yerevan
Willing & Able Operations LLC,Experienced Trainer for Intensive Social Media Marketing (SMM) Course / Training,https://staff.am/en/experienced-trainer-for-intensive-social-media-marketing-smm-course-training-16, 20 July 2020 ,Yerevan
Willing & Able Operations LLC,Experienced Trainer for UX Design and Web Application Design (Training for Staff),https://staff.am/en/experienced-trainer-for-ux-design-and-web-application-design-training-for-staff-12, 20 July 2020 ,Yerevan
ՇԻՆԱՐԱՐԱԿԱՆ ՍՊԸ,Specialist 1C (8.3 program),https://staff.am/en/specialist-1c-83-program, 19 July 2020 ,Yerevan
Commonwealth Casualty Company,Customer Service Specialist(night shift job),https://staff.am/en/customer-service-specialistnight-shift-job-3, 19 July 2020 ,Yerevan
AREGAK UCO CJSC,Վարորդ,https://staff.am/en/varord-39, 03 July 2020 ,Ashotsk
AREGAK UCO CJSC,Գրասենյակի օգնական,https://staff.am/en/grasenyaki-ognakan-4, 03 July 2020 ,Ashotsk
Մեհրաբյան և որդիներ ՍՊԸ,Հաշվետար,https://staff.am/en/hasvetar-51, 19 July 2020 ,Yerevan
International Development Group LLC,Human Resources Expert,https://staff.am/en/human-resources-expert, 17 July 2020 ,Yerevan
IMEX GROUP,Graphic designer,https://staff.am/en/graphic-designer-365, 19 July 2020 ,Yerevan
IMEX GROUP,Marketing Specialist,https://staff.am/en/marketing-specialist-214, 19 July 2020 ,Yerevan
IMEX GROUP,Security worker,https://staff.am/en/security-worker-3, 19 July 2020 ,Yerevan
All.me LLC,Senior Golang Developer,https://staff.am/en/senior-golang-developer-7, 15 July 2020 ,Yerevan
TIARA LLC,"Designer, packaging construction, sample maker",https://staff.am/en/designer-packaging-construction-sample-maker-1, 19 July 2020 ,Yerevan
Routetitan,UI/UX Designer,https://staff.am/en/uiux-designer-392, 19 July 2020 ,Yerevan
World Vision Armenia,Sponsorship Assistant,https://staff.am/en/sponsorship-assistant-7, 03 July 2020 ,Aparan
WEBIHUB,Project Manager,https://staff.am/en/project-manager-259, 19 July 2020 ,Yerevan
Rockbite Games,Java Engineer (Game),https://staff.am/en/java-engineer-game-4, 19 July 2020 ,Yerevan
Հայաստանում ֆրանսիական համալսարան/ French University in Armenia (UFAR),Հաշվապահ-հաշվետար,https://staff.am/en/hasvapah-hasvetar-8, 02 July 2020 ,Yerevan
ASEDL LLC,Մարքեթինգի բաժնի պատասխանատու,https://staff.am/en/marketingi-bazni-patasxanatu-6, 19 July 2020 ,Yerevan
Polixis,Senior QA Automation Engineer,https://staff.am/en/senior-qa-automation-engineer-14, 19 July 2020 ,Yerevan
X-TECH Creative Studio,PHP / Laravel developer,https://staff.am/en/php-laravel-developer-36, 19 July 2020 ,Yerevan
ACBA-CREDIT AGRICOLE BANK CJSC,Junior Database Administrator,https://staff.am/en/junior-database-administrator-6, 19 July 2020 ,Yerevan
All.me LLC,Android developer,https://staff.am/en/android-developer-243, 02 July 2020 ,Yerevan
Cypress,Mid React.js developer,https://staff.am/en/mid-reactjs-developer-7, 19 July 2020 ,Yerevan
ONEX LLC,Web & Graphic Designer,https://staff.am/en/web-graphic-designer, 19 July 2020 ,Yerevan
TeamViewer Armenia,Senior Android Developer (m/f/d) Pilot,https://staff.am/en/senior-android-developer-mfd-pilot-12, 19 July 2020 ,Yerevan
TeamViewer Armenia,Senior C++ Engineer (m/f/d) IoT,https://staff.am/en/senior-c-engineer-mfd-iot-9, 19 July 2020 ,Yerevan
Հայաստանում Եվրոպական Վարժարան հիմնադրամ,German teacher,https://staff.am/en/german-teacher, 18 July 2020 ,Yerevan
Հայաստանում Եվրոպական Վարժարան հիմնադրամ,Учитель русского языка,https://staff.am/en/ucitel-russkogo-azyka-3, 18 July 2020 ,Yerevan
Digitain ,Business Process Specialist,https://staff.am/en/business-process-specialist-15, 18 July 2020 ,Yerevan
Digitain ,Financial Internal Auditor,https://staff.am/en/financial-internal-auditor-15, 18 July 2020 ,Yerevan
EmexAuto,Հաշվետար,https://staff.am/en/hasvetar-48, 18 July 2020 ,Yerevan
«Արմենիան Լիզինգ Քամփնի» ՈՒՎԿ ՓԲԸ,Պայմանագրային բաժնի մասնագետ,https://staff.am/en/paymanagrayin-bazni-masnaget, 17 July 2020 ,Yerevan
SmartSoft LLC,Full stack web developer,https://staff.am/en/full-stack-web-developer-89, 18 July 2020 ,Yerevan
TeamViewer Armenia,Senior iOS/MacOS Developer (m/f/d) Pilot,https://staff.am/en/senior-iosmacos-developer-mfd-pilot-3, 18 July 2020 ,Yerevan
Fast Shift LLC,Senior .Net Developer,https://staff.am/en/senior-net-developer-152, 18 July 2020 ,Yerevan
SoftConstruct,Junior Business Process Specialist,https://staff.am/en/junior-business-process-manager, 02 July 2020 ,Yerevan
Webb Fontaine Holding LLC,IT Business Analyst ,https://staff.am/en/it-business-analyst-39, 18 July 2020 ,Yerevan
SHIPEX,Customer care,https://staff.am/en/customer-care-5, 18 July 2020 ,Yerevan
ООО ГК В приоритете,Senior Go Developer (Backend),https://staff.am/en/backend-razrabotcik-5, 18 July 2020 ,Yerevan
Margasoft Corp,Support Specialist,https://staff.am/en/support-specialist-10, 18 July 2020 ,Yerevan
Envirotech,German Speaking Sales Representative,https://staff.am/en/german-speaking-sales-representative-1, 18 July 2020 ,Yerevan
Vehere,Software Engineer,https://staff.am/en/software-engineer-65, 18 July 2020 ,Yerevan
Synergy International Systems,Marketing Manager,https://staff.am/en/marketing-manager-134, 18 July 2020 ,Yerevan
The LOFT,Financial Analyst,https://staff.am/en/financial-analyst-68, 18 July 2020 ,Yerevan
WEBIHUB,Front-End developer,https://staff.am/en/senior-htmlcss-developer-1, 15 July 2020 ,Yerevan
Softhenge,Mid C++ Developer ,https://staff.am/en/mid-c-developer, 18 July 2020 ,Yerevan
In Vino,Wine loving servers,https://staff.am/en/wine-loving-servers-7, 18 July 2020 ,Yerevan
Canar,.Net software developer,https://staff.am/en/net-software-developer-12, 18 July  2020 ,Yerevan
ABC Pharmacia,Marketing Manager,https://staff.am/en/marketing-manager-133, 18 July 2020 ,Yerevan
Seven Smarts LLC,Product Manager,https://staff.am/en/product-manager-152, 18 July 2020 ,Yerevan
ABC Pharmacia,Medical Representative,https://staff.am/en/medical-representative-36, 18 July 2020 ,Yerevan
Atenk Ltd,Commercial director,https://staff.am/en/commercial-director-22, 12 July 2020 ,Yerevan
SoftConstruct,Group Financial Reporting Specialist,https://staff.am/en/group-financial-reporting-specialist-10, 06 July 2020 ,Yerevan
Digitain ,Financial Risks Specialist,https://staff.am/en/financial-risks-specialist-12, 17 July 2020 ,Yerevan
SoftConstruct,Marketing Manager (Sweden),https://staff.am/en/marketing-manager-130, 01 July 2020 ,Yerevan
Digitain ,Partner Support Specialist,https://staff.am/en/partner-support-specialist-1, 17 July 2020 ,Yerevan
Digitain ,Turkish Speaking Partner Service Specialist,https://staff.am/en/turkish-speaking-partner-service-specialist-2, 17 July 2020 ,Yerevan
ՋՈՅՆԹՈՒՀԱՅՐ ,IT Project Manager ,https://staff.am/en/it-project-manager-80, 17 July 2020 ,Yerevan
Varmtech,iOS developer,https://staff.am/en/ios-developer-223, 17 July 2020 ,Yerevan
Varmtech,"JavaScript, MERN Stack Developer",https://staff.am/en/javascript-mern-stack-developer-1, 17 July 2020 ,Yerevan
Holiday Inn Express Yerevan,Finance Assistant,https://staff.am/en/finance-assistant-7, 17 July 2020 ,Yerevan
ACBA-CREDIT AGRICOLE BANK CJSC,Back Office Specialist,https://staff.am/en/back-office-specialist-27, 17 July 2020 ,Yerevan
Digitain ,Senior Graphic Designer,https://staff.am/en/senior-graphic-designer-31, 17 July 2020 ,Yerevan
GAT Cutting LLC,Ֆայլ պատրաստող մասնագետ,https://staff.am/en/fayl-patrastog-masnaget, 17 July 2020 ,Yerevan
Գրանթ Թորնթոն ՓԲԸ,Accounting Manager ,https://staff.am/en/accounting-manager-6, 06 July 2020 ,Yerevan
Dexatel ,Corporate Affairs and PR Manager ,https://staff.am/en/corporate-affairs-and-pr-manager, 17 July 2020 ,Yerevan
HackTech LLC,Senior Angular Developer,https://staff.am/en/senior-angular-developer-7, 17 July 2020 ,Yerevan
Aras Food LLC,Logistics Operator,https://staff.am/en/logistics-operator-6, 13 July 2020 ,Yerevan
SmartCredit UCO LLC,Լawyer,https://staff.am/en/lawyer-79, 17 July 2020 ,Yerevan
Digitain ,Junior CRM Specialist,https://staff.am/en/junior-crm-specialist, 17 July 2020 ,Yerevan
Aratours Travel Services LLC,Front-end Deleloper,https://staff.am/en/web-designer-71, 16 July 2020 ,Yerevan
ERC Distribution Georgia,Sales Manager,https://staff.am/en/sales-manager-404, 16 July 2020 ,Yerevan
Consel LLC,Sales Consultant,https://staff.am/en/sales-consultant-274, 16 July 2020 ,Yerevan
Soft Vision LLC,Android Developer,https://staff.am/en/android-developer-240, 16 July 2020 ,Yerevan
ՀՀ աշխատանքի և սոցիալական հարցերի նախարարություն,Բժշկասոցիալական փորձաքննության գրասենյակի բժշկասոցիալական փորձաքննական բաժինների բժիշկ-փորձագետ ,https://staff.am/en/bzskasocialakan-porjaknnutyan-grasenyaki-bzskasocialakan-porjaknnakan-bazinneri-bzisk-porjaget-2, 31 July 2020 ,Yerevan
Exsol LLC,Backend Developer,https://staff.am/en/backend-developer-31, 16 July 2020 ,Yerevan
Exsol LLC,Front-end Developer,https://staff.am/en/front-end-developer-358, 16 July 2020 ,Yerevan
Synergy International Systems,Product Owner,https://staff.am/en/product-owner-136, 16 July 2020 ,Yerevan
Decart studio,PR & SALES Manager,https://staff.am/en/pr-sales-manager-4, 16 July 2020 ,Yerevan
DISQO,Platform Engineer ,https://staff.am/en/platform-engineer-wgolang-2, 16 July 2020 ,Yerevan
DISQO,"Engineering Manager, Mobile",https://staff.am/en/engineering-manager-mobile-6, 16 July 2020 ,Yerevan
Polixis,Senior Full Stack Java Web Developer,https://staff.am/en/full-stack-java-developer, 16 July 2020 ,Yerevan
EcoVille LLC,Հասարակայնության հետ կապերի մասնագետ,https://staff.am/en/hasarakaynutyan-het-kaperi-masnaget, 05 July 2020 ,Yerevan
ՋՈՅՆԹՈՒՀԱՅՐ ,Full-Stack Developer ,https://staff.am/en/full-stack-developer-117, 16 July 2020 ,Yerevan
«Վաելկոն» ՍՊԸ,Նախագծային բաժնի ղեկավար,https://staff.am/en/naxagcayin-bazni-gekavar-2, 16 July 2020 ,Yerevan
«Վաելկոն» ՍՊԸ,"Ջերմագազամատակարարման և օդափոխության (HVAC) ճարտարագետ, նախագծող",https://staff.am/en/jermagazamatakararman-ev-odapoxutyan-hvac-cartaraget-naxagcog, 16 July 2020 ,Yerevan
Digitain ,Unity 3D Team Lead,https://staff.am/en/unity-3d-team-lead-1, 16 July 2020 ,Yerevan
Digitain ,Projects Implementation Manager,https://staff.am/en/projects-implementation-manager-6, 12 July 2020 ,Yerevan
Digitain ,B2B Account Manager,https://staff.am/en/b2b-account-manager, 12 July 2020 ,Yerevan
NOORLOGIC LLC,Full Stack Web/WordPress Developer,https://staff.am/en/full-stack-web-developer-86, 15 July 2020 ,Yerevan
Digitain ,IT Technical Support Specialist,https://staff.am/en/it-technical-support-specialist-22, 15 July 2020 ,Yerevan
SoftConstruct,Technical Writer,https://staff.am/en/technical-content-writer-3, 15 July 2020 ,Yerevan
ASEDL LLC,Production manager,https://staff.am/en/production-manager-16, 15 July 2020 ,Yerevan
WEBIHUB,Reporting Analyst,https://staff.am/en/reporting-analyst-18, 15 July 2020 ,Yerevan
Krisp,Senior Customer Care Specialist,https://staff.am/en/senior-customer-care-specialist-37, 15 July 2020 ,Yerevan
Synergy International Systems,Sales Executive ,https://staff.am/en/sales-executive-11, 15 July 2020 ,Yerevan
Cypress,Back-end Developer,https://staff.am/en/senior-nodejs-developer-60, 12 July 2020 ,Yerevan
Renderforest,Illustrator,https://staff.am/en/illustrator-27, 15 July 2020 ,Yerevan
Armenian Code Academy ,Chief Operating Officer,https://staff.am/en/chief-operating-officer-6, 15 July 2020 ,Yerevan
Rockbite Games, Kubernetes/Spring Engineer,https://staff.am/en/kubernetesspring-engineer, 01 July 2020 ,Yerevan
BlueNet, Technical Support Specialist,https://staff.am/en/technical-support-specialist-108, 15 July 2020 ,Yerevan
Armenian Code Academy ,Project Coordinator,https://staff.am/en/project-coordinator-36, 15 July 2020 ,Yerevan
eworld,Junior Digital Marketing Specialist,https://staff.am/en/junior-digital-marketing-specialist-4, 15 July 2020 ,Yerevan
Macadamian AR,Senior Software Tester ,https://staff.am/en/senior-software-tester-1, 15 July 2020 ,Yerevan
Macadamian AR,Senior Software Developer,https://staff.am/en/senior-software-developer-24, 15 July 2020 ,Yerevan
Digitain ,Media Planning Specialist,https://staff.am/en/media-planning-specialist-5, 01 July 2020 ,Yerevan
WeemTech,Mid/Senior PHP Developer,https://staff.am/en/midsenior-php-developer, 15 July 2020 ,Yerevan
Flash,Վաճառքի տնօրեն,https://staff.am/en/vacarki-tnoren-4, 15 July 2020 ,Yerevan
IMEX GROUP,1C System Developer,https://staff.am/en/1c-system-developer-3, 15 July 2020 ,Yerevan
360° ՇԻՆԲԱԶԱ,Տարածքային վաճառքի մենեջեր,https://staff.am/en/tarackayin-vacarki-menejer-1, 15 July 2020 ,Yerevan
Essential,Kotlin Software Engineer,https://staff.am/en/senior-java-software-engineer-67, 15 July 2020 ,Yerevan
Digitain ,Շինարարության և գույքային ապահովման կազմակերպման պատասխանատու ,https://staff.am/en/sinararutyan-ev-guykayin-apahovman-kazmakerpman-patasxanatu, 15 July 2020 ,Yerevan
VOLO,Senior .NET Developer,https://staff.am/en/senior-net-developer-149, 12 July 2020 ,Yerevan
IMEX GROUP,Web developer,https://staff.am/en/web-developer-104, 15 July 2020 ,Yerevan
WIC WorldCom International ,Digital Marketing Specialist ,https://staff.am/en/digital-marketing-specialist-210, 14 July 2020 ,Yerevan
Zoomerang,User Acquisition Manager,https://staff.am/en/user-acquisition-manager, 14 July 2020 ,Yerevan
Zoomerang,Digital Marketing Specialist,https://staff.am/en/digital-marketing-specialist-207, 14 July 2020 ,Yerevan
Zoomerang,SMM specialist,https://staff.am/en/smm-specialist-327, 14 July 2020 ,Yerevan
Ultralabs AM,Senior Front-End Engineer,https://staff.am/en/senior-front-end-engineer-15, 13 July 2020 ,Yerevan
Ultralabs AM,Lead Software Engineer,https://staff.am/en/lead-software-engineer-7, 13 July 2020 ,Yerevan
Adjarabet.am,Customer Retention Manager,https://staff.am/en/casino-crm-9, 15 July 2020 ,Yerevan
TeamViewer Armenia, Team Manager (m/f/d) Remote Management,https://staff.am/en/team-manager-mfd-remote-management, 13 July 2020 ,Yerevan
Algorithm Solutions LLC,Full stack developer (Laravel+Vue.JS),https://staff.am/en/full-stack-developer-laravelvuejs, 12 July 2020 ,Yerevan
՞Հիմա՞ ՈՒՎԿ ՍՊԸ,Chief Accountant,https://staff.am/en/chief-accountant-81, 01 July 2020 ,Yerevan
Digitain ,Technical Designer,https://staff.am/en/technical-designer-10, 12 July 2020 ,Yerevan
IMEX GROUP,Head of transport department,https://staff.am/en/head-of-transport-department-1, 12 July 2020 ,Yerevan
Medline Clinic LLC,Ընդունարանի աշխատակից,https://staff.am/en/ndunarani-asxatakic-8, 12 July 2020 ,Yerevan
Haypost CJSC,CFO ,https://staff.am/en/cfo-7, 12 July 2020 ,Yerevan
Haypost CJSC,Customer Care Manager,https://staff.am/en/customer-care-manager-2, 12 July 2020 ,Yerevan
Yerevan Chocolate Company CJSC,Ֆինանսական վերլուծաբան,https://staff.am/en/finansakan-verlucaban-25, 12 July 2020 ,Yerevan
National Instruments AM LLC,Technical Support Engineer ,https://staff.am/en/technical-support-engineer-40, 12 July 2020 ,Yerevan
Անդակո ՍՊԸ,Հաշվապահ,https://staff.am/en/hasvapah-229, 12 July 2020 ,Yerevan
Digitain ,Senior IT Monitoring Specialist,https://staff.am/en/senior-it-monitoring-specialist-21, 12 July 2020 ,Yerevan
Digitain ,Senior DevOps Engineer ,https://staff.am/en/senior-devops-engineer-37, 12 July 2020 ,Yerevan
Telcell CJSC,Front End Developer (Mobile) ,https://staff.am/en/front-end-developer-mobile, 12 July 2020 ,Yerevan
RedKiteLLC,.Net Developer,https://staff.am/en/net-developer-142, 12 July 2020 ,Yerevan
Telcell CJSC,Front End Developer (ATM Terminals),https://staff.am/en/front-end-developer-atm-terminals, 12 July 2020 ,Yerevan
California Permits ,Building Permit Technician,https://staff.am/en/building-permit-technician-2, 11 July 2020 ,Yerevan
California Permits ,Marketing Specialist,https://staff.am/en/marketing-specialist-211, 11 July 2020 ,Los Angeles
Reload Freight,Sales Agent,https://staff.am/en/sales-agent-18, 11 July 2020 ,Yerevan
MoveCo Solutions Inc,Client Success Representative,https://staff.am/en/client-success-representative-4, 11 July 2020 ,Yerevan
Fairyland Group,Միջազգային բեռնափոխադրումների մենեջեր,https://staff.am/en/mijazgayin-bernapoxadrumneri-menejer-1, 11 July 2020 ,Yerevan
Haypost CJSC,SMM Specialist,https://staff.am/en/smm-specialist-325, 11 July 2020 ,Yerevan
Fast Shift LLC,UI/UX designer ,https://staff.am/en/uiux-designer-386, 11 July 2020 ,Yerevan
Ucom CJSC,Senior Database Administrator,https://staff.am/en/senior-database-administrator-6, 11 July 2020 ,Yerevan
ModelManagement,Full Stack Developer,https://staff.am/en/full-stack-developer-114, 11 July 2020 ,Yerevan
Digitain ,Իրավաբան,https://staff.am/en/iravaban-71, 11 July 2020 ,Yerevan
Մեգա Ֆուդ ՍՊԸ,Import Specialist,https://staff.am/en/import-specialist-28, 11 July 2020 ,Yerevan
Digitain ,Product Development Manager,https://staff.am/en/product-development-manager, 11 July 2020 ,Yerevan
Black Star Burger Armenia,Cashier,https://staff.am/en/chief-head-cook, 11 July 2020 ,Yerevan
Digitain ,Հաշվապահ,https://staff.am/en/hasvapah-227, 01 July 2020 ,Yerevan
360° ՇԻՆԲԱԶԱ,Վաճառող խորհրդատու,https://staff.am/en/vacarog-xorhrdatu-68, 11 July 2020 ,Yerevan
360° ՇԻՆԲԱԶԱ,Գանձապահ,https://staff.am/en/ganjapah-36, 11 July 2020 ,Yerevan
WIC WorldCom International ,Business Development Manager,https://staff.am/en/business-development-manager-41, 10 July 2020 ,Yerevan
Playrix AM,Narrative Designer / Screenwriter,https://staff.am/en/narrative-designer-screenwriter, 10 July 2020 ,Yerevan
Digitain ,3D Generalist,https://staff.am/en/3d-generalist, 10 July 2020 ,Yerevan
Playrix AM,Game Designer / Level Designer ,https://staff.am/en/game-designer-level-designer, 10 July 2020 ,Yerevan
WIC WorldCom International ,Customer Support Specialist,https://staff.am/en/customer-support-specialist-88, 10 July 2020 ,Yerevan
Fast Credit Capital UCO CJSC,Գանձապահ` «Վանաձոր» մասնաճյուղում,https://staff.am/en/ganjapah-vanajor-masnacyugum-1, 10 July 2020 ,Vanadzor
Viveo Health,Angular Developer,https://staff.am/en/angular-developer-49, 10 July 2020 ,Yerevan
Partner Company,Cook for Middle eastern cuisine,https://staff.am/en/cook-for-middle-eastern-cuisine, 10 July 2020 ,Yerevan
Partner Company,Cook for Italian cuisine,https://staff.am/en/cook-for-italian-cuisine, 10 July 2020 ,Yerevan
Partner Company,Chef For Food Delivery Service,https://staff.am/en/chef-for-food-delivery-service, 10 July 2020 ,Yerevan
Triple Consulting,Junior Accountant,https://staff.am/en/junior-accountant-14, 10 July 2020 ,Yerevan
MentorcliQ,"Senior Software Engineer, Front-End",https://staff.am/en/senior-software-engineer-front-end-4, 10 July 2020 ,Yerevan
Powerdata,SENIOR SOFTWARE DEVELOPER PHP / MYSQL (M/F/D),https://staff.am/en/senior-software-developer-php-mysql-mfd-1, 10 July 2020 ,Yerevan
Powerdata,(SENIOR) DATA/DATABASE ARCHITECT (M/F/D),https://staff.am/en/senior-datadatabase-architect-mfd-9, 10 July 2020 ,Yerevan
Powerdata,(SENIOR) DEVOPS ENGINEER (M/F/D),https://staff.am/en/senior-devops-engineer-mfd-1, 10 July 2020 ,Yerevan
Powerdata,(SENIOR) SOFTWARE/AWS ARCHITECT (M/F/D),https://staff.am/en/senior-softwareaws-architect-mfd-1, 10 July 2020 ,Yerevan
UNICOMP CJSC,Software Developer,https://staff.am/en/software-developer-74, 10 July 2020 ,Yerevan
Assets CJSC,Logistics-cordinator,https://staff.am/en/logistics-cordinator-1, 10 July 2020 ,Yerevan
Atenk Ltd,Import specialist,https://staff.am/en/import-specialist-27, 14 July 2020 ,Yerevan
Ucom CJSC, Linux/Unix Administrator,https://staff.am/en/linuxunix-administrator-1, 10 July 2020 ,Yerevan
Ucom CJSC, Fraud and revenue assurance analyst,https://staff.am/en/fraud-and-revenue-assurance-analyst-12, 10 July 2020 ,Yerevan
Workfront Armenia,Technical Program Manager ,https://staff.am/en/technical-program-manager-4, 10 July 2020 ,Yerevan
Ernst and Young CJSC (EY),Audit Intern,https://staff.am/en/audit-intern, 09 July 2020 ,Yerevan
Synergy International Systems,Associate Product Owner,https://staff.am/en/associate-product-owner-1, 09 July 2020 ,Yerevan
Telcell CJSC,Head of Technical (Monitoring) Support Team,https://staff.am/en/head-of-technical-support-team-4, 09 July 2020 ,Yerevan
ArcaTrans,Logistics Coordinator ,https://staff.am/en/logistics-coordinator-5, 08 July 2020 ,Yerevan
ԿՐԵԴՈ ՖԻՆԱՆՍ ՈՒՎԿ ՓԲԸ,Վերստուգող,https://staff.am/en/verstugog-3, 09 July 2020 ,Yerevan
Digitain ,Live Trader,https://staff.am/en/live-trader, 09 July 2020 ,Yerevan
VEON Armenia CJSC, Billing systems support specialist,https://staff.am/en/billing-systems-support-specialist, 09 July 2020 ,Yerevan
Liqvor CJSC,Հաշվապահ,https://staff.am/en/accountant-448, 09 July 2020 ,Yerevan
FAST,Innovation Strategist,https://staff.am/en/innovation-strategist, 09 July 2020 ,Yerevan
FAST,Research Analyst,https://staff.am/en/research-analyst-12, 09 July 2020 ,Yerevan
Garage Masters' Mall,Sales manager,https://staff.am/en/sales-manager-398, 09 July 2020 ,Yerevan
VOLO,Experienced .NET Developer,https://staff.am/en/experienced-net-developer-10, 03 July 2020 ,Yerevan
Գրանթ Թորնթոն ՓԲԸ,Business Risk Services Consultant / IT Auditor,https://staff.am/en/business-risk-services-consultant-it-auditor, 09 July 2020 ,Yerevan
ՋՈՅՆԹՈՒՀԱՅՐ ,PHP Developer ,https://staff.am/en/php-developer-199, 09 July 2020 ,Yerevan
TIDEPOOL LABS,DevOps Engineer,https://staff.am/en/devops-engineer-240, 09 July 2020 ,Yerevan
Էվրի Դեյ ՓԲԸ,Հաճախորդների սպասարկան մասնագետ,https://staff.am/en/hacaxordneri-spasarkan-masnaget, 09 July 2020 ,Yerevan
Digitain ,Customer Support Specialist,https://staff.am/en/customer-support-specialist-85, 09 July 2020 ,Yerevan
Inecobank CJCS,Senior QA Engineer,https://staff.am/en/senior-qa-engineer-143, 08 July 2020 ,Yerevan
ԿՈՒԲ ԳՐՈՒՊ ՍՊԸ,Merchandiser,https://staff.am/en/merchandiser-28, 09 July 2020 ,Yerevan
Web Projects,IT Business Manager,https://staff.am/en/it-business-manager-10, 08 July 2020 ,Yerevan
SoftConstruct,Senior UI/UX Designer - UCRAFT,https://staff.am/en/uiux-designer-ucraft-10, 08 July 2020 ,Yerevan
Swarovski Partner Store Yerevan,Store Manager,https://staff.am/en/store-manager-31, 08 July 2020 ,Yerevan
Սերտիֆիկացման միջազգային կենտրոն ՍՊԸ,Որակի կառավարման համակարգի մասնագետ,https://staff.am/en/oraki-karavarman-hamakargi-masnaget, 08 July 2020 ,Yerevan
BeSofted Group,Key Account Manager,https://staff.am/en/key-account-manager-8, 08 July 2020 ,Yerevan
Melinet,Engineer-Designer,https://staff.am/en/engineer-designer, 05 July 2020 ,Yerevan
Synergy International Systems,UI Developer,https://staff.am/en/ui-developer-44, 08 July 2020 ,Yerevan
Web Projects,WordPress Developer,https://staff.am/en/wordpress-developer-83, 08 July 2020 ,Yerevan
Brainstorm Technologies,IT Project Manager,https://staff.am/en/it-project-manager-77, 08 July 2020 ,Yerevan
SoftConstruct,Senior React.js Developer - UCRAFT,https://staff.am/en/senior-reactjs-developer-ucraft, 08 July 2020 ,Yerevan
ASEDL LLC,Շինարարության պատասխանատու,https://staff.am/en/sinararutyan-patasxanatu-1, 08 July 2020 ,Yerevan
ASEDL LLC,IT specialist,https://staff.am/en/it-specialist-48, 08 July 2020 ,Yerevan
HouseNet,Active sales specialist,https://staff.am/en/active-sales-specialist-23, 08 July 2020 ,Armavir
Envirotech,English Speaking IT Support Specialist,https://staff.am/en/english-speaking-it-support-specialist-1, 07 July 2020 ,Yerevan
Pangea Cloud Solutions,Senior React Engineer,https://staff.am/en/senior-react-engineer-28, 07 July 2020 ,Yerevan
Digitain ,Հանրային ծառայությունների և ադմինիստրատիվ աշխատանքների համակարգող,https://staff.am/en/hanrayin-carayutyunneri-ev-administrativ-asxatankneri-hamakargog, 06 July 2020 ,Yerevan
Out Of Office Design,Marketing and communications manager,https://staff.am/en/marketing-and-communications-manager, 06 July 2020 ,Yerevan
Intelligent Digital Technologies,Agile Project Manager ,https://staff.am/en/agile-project-manager-7, 06 July 2020 ,Yerevan
«ԻԿՕ Մաշիների» ՍՊԸ,Լեռնային և շինարարական տեխնիկայի սպասարկման և վերանորոգման մասնագետի (մեխանիկ),https://staff.am/en/lernayin-ev-sinararakan-texnikayi-spasarkman-ev-veranorogman-masnageti-mexanik, 05 July 2020 ,Yerevan
ՋՈՅՆԹՈՒՀԱՅՐ ,Node.js Developer ,https://staff.am/en/nodejs-developer-72, 05 July 2020 ,Yerevan
AAB Construction,Civil Engineer/ AutoCAD Master ,https://staff.am/en/civil-engineer-autocad-master, 05 July 2020 ,Yerevan
WineWorks,SALES AND MARKETING ASSOCIATE,https://staff.am/en/sales-and-marketing-associate, 05 July 2020 ,Yerevan
IYC technologies,Android Developer,https://staff.am/en/android-developer-239, 05 July 2020 ,Yerevan
ALPHA FOOD SERVICE LLC,Head of digital marketing department,https://staff.am/en/head-of-digital-marketing-department-4, 05 July 2020 ,Yerevan
Digitain ,Mid/Senior C# developer,https://staff.am/en/midsenior-c-developer-37, 01 July 2020 ,Yerevan
Soft Vision LLC,Senior C# .Net/.Net Core Developer,https://staff.am/en/senior-c-netnet-core-developer, 05 July 2020 ,Yerevan
AAB Construction,Project Manager Assistant/Civil Engineer ,https://staff.am/en/project-manager-assistant-7, 05 July 2020 ,Yerevan
Webb Fontaine Holding LLC,Senior UI/UX Designer,https://staff.am/en/senior-uiux-designer-45, 05 July 2020 ,Yerevan
Webb Fontaine Holding LLC,Head of Excellence Center,https://staff.am/en/head-of-excellence-center, 05 July 2020 ,Yerevan
Մեգնա ՍՊԸ,Վաճառքի օպերատոր,https://staff.am/en/vacarki-operator-3, 05 July 2020 ,Yerevan
Telecom,HR specialst,https://staff.am/en/hr-specialst-1, 05 July 2020 ,Yerevan
Armenian Tobacco Company,Ավտոմատ համակարգերի շահագործման մասնագետ/ էլեկտրոնշիկ,https://staff.am/en/avtomat-hamakargeri-sahagorcman-masnaget-elektronsik-6, 05 July 2020 ,Abovyan
alvard vardanyan ltd,Sales Manager,https://staff.am/en/sales-manager-397, 05 July 2020 ,Yerevan
Intelligent Digital Technologies,IOS Developer,https://staff.am/en/ios-developer-218, 05 July 2020 ,Yerevan
Polixis,Spanish-Speaking Research Intern,https://staff.am/en/spanish-speaking-research-intern-1, 05 July 2020 ,Yerevan
Easy Pay LLC,QA Engineer,https://staff.am/en/qa-engineer-490, 05 July 2020 ,Yerevan
DataOwl,Frontend Team Lead,https://staff.am/en/frontend-team-lead, 05 July 2020 ,Yerevan
Concept Studio,UI/UX DESIGNER,https://staff.am/en/uiux-designer-383, 05 July 2020 ,Yerevan
DataOwl,QA Engineer,https://staff.am/en/qa-engineer-496, 05 July 2020 ,Yerevan
RedKiteLLC,Senior PHP developer,https://staff.am/en/senior-php-developer-63, 05 July 2020 ,Yerevan
Telecom,Русскоязычный специалист Call-центра,https://staff.am/en/russkoazycnyj-specialist-call-centra-1, 05 July 2020 ,Yerevan
ServiceTitan,Product Designer ,https://staff.am/en/product-designer-23, 05 July 2020 ,Yerevan
Ucom CJSC,HR management and documentation junior specialist,https://staff.am/en/hr-management-and-documentation-junior-specialist, 05 July 2020 ,Yerevan
FLUX Technologies,DevOps Engineer,https://staff.am/en/devops-engineer-237, 05 July 2020 ,Yerevan
EcoVille LLC,Կորպորատիվ վաճառքի մասնագետ,https://staff.am/en/korporativ-vacarki-masnaget, 05 July 2020 ,Yerevan
FLUX Technologies,Senior JavaScript Developer,https://staff.am/en/senior-javascript-developer-52, 05 July 2020 ,Yerevan
Sport Fit,Manager cashier,https://staff.am/en/manager-cashier-2, 04 July 2020 ,Yerevan
10Web,Graphic Designer,https://staff.am/en/graphic-designer-360, 04 July 2020 ,Yerevan
TeamViewer Armenia,Senior C++ Engineer (m/f/d) Tensor,https://staff.am/en/senior-c-engineer-mfd-tensor-12, 04 July 2020 ,Yerevan
TeamViewer Armenia,C++ Engineer (m/f/d) Remote Management,https://staff.am/en/c-engineer-mfd-remote-management-10, 04 July 2020 ,Yerevan
TeamViewer Armenia,Senior Full Stack Developer (m/f/d) Pilot,https://staff.am/en/senior-full-stack-developer-mfd-pilot-12, 04 July 2020 ,Yerevan
TeamViewer Armenia,Senior C++ Developer (m/f/d) Pilot,https://staff.am/en/senior-c-developer-mfd-pilot-16, 04 July 2020 ,Yerevan
TeamViewer Armenia,Senior Test Automation Engineer (m/f/d) IoT,https://staff.am/en/senior-test-automation-engineer-mfd-iot-9, 04 July 2020 ,Yerevan
TeamViewer Armenia,Senior Software Engineer C++(m/f/d) Core,https://staff.am/en/senior-c-engineer-mfd-hayq-16, 04 July 2020 ,Yerevan
Ucom CJSC,Վարորդ (ուղևորաբեռնատար մեքենայով),https://staff.am/en/driver-25, 04 July 2020 ,Yerevan
Էդ-Սպո ՍՊԸ (beko),Կահույքագործ-բանվոր,https://staff.am/en/kahuykagorc-banvor, 04 July 2020 ,Yerevan
Earlyone,Business Development Executive,https://staff.am/en/business-development-executive-16, 04 July 2020 ,Yerevan
National Instruments AM LLC,Insight Analyst,https://staff.am/en/insight-analyst, 04 July 2020 ,Yerevan
Imea Systems,Computer Vision Engineer,https://staff.am/en/computer-vision-enginee, 04 July 2020 ,Yerevan
Garage Masters' Mall,Գործառնական ղեկավար,https://staff.am/en/gorcarnakan-gekavar, 04 July 2020 ,Yerevan
Imea Systems,Senior Node.js Developer,https://staff.am/en/senior-nodejs-developer-57, 04 July 2020 ,Yerevan
National Instruments AM LLC,Delivery Partner Project Manager,https://staff.am/en/delivery-partner-project-manager, 04 July 2020 ,Yerevan
ALPHA FOOD SERVICE LLC,Content manager,https://staff.am/en/content-manager-34, 04 July 2020 ,Yerevan
National Instruments AM LLC,Systems Engineer,https://staff.am/en/systems-engineer-28, 04 July 2020 ,Yerevan
ServiceTitan,Customer Support Advocate,https://staff.am/en/customer-support-advocate-6, 04 July 2020 ,Yerevan
SoftConstruct,Motion Graphic Designer,https://staff.am/en/motion-graphic-designer-7, 04 July 2020 ,Yerevan
SoftConstruct,UI/UX Designer,https://staff.am/en/uiux-designer-380, 04 July 2020 ,Yerevan
Heltun Solutions LLC,Hardware Design Engineer,https://staff.am/en/hardware-design-engineer-3, 04 July 2020 ,Yerevan
Իդրամ ՍՊԸ,Ներքին դիտարկումների մասնագետ,https://staff.am/en/nerkin-ditarkumneri-masnaget, 03 July 2020 ,Yerevan
MagicDevs LTD,Mid iOS Developer,https://staff.am/en/mid-ios-developer, 03 July 2020 ,Yerevan
MagicDevs LTD,Mid/Senior Android Developer,https://staff.am/en/senior-android-developer-98, 03 July 2020 ,Yerevan
Digitain ,Product Owner,https://staff.am/en/product-owner-133, 03 July 2020 ,Yerevan
Ucom CJSC,UI/UX Designer ,https://staff.am/en/uiux-designer-374, 03 July 2020 ,Yerevan
ՖինԹաքս Ըքաունթինգ,Accountant,https://staff.am/en/accountant-447, 03 July 2020 ,Yerevan
Krisp,Data Specialist / QA Engineer,https://staff.am/en/data-specialist-qa-engineer-1, 03 July 2020 ,Yerevan
CQGI MA,Senior C# Developer,https://staff.am/en/senior-c-developer-122, 03 July 2020 ,Yerevan
Art Lunch,ՍՆՆԴԻ ՍՊԱՍԱՐԿՄԱՆ ՍՐԱՀԻ ՄԵՆԵՋԵՐ,https://staff.am/en/snndi-spasarkman-srahi-menejer, 03 July 2020 ,Yerevan
Intelligent Digital Technologies,Senior .Net Developer,https://staff.am/en/senior-net-developer-146, 03 July 2020 ,Yerevan
ServiceTitan,Technical writer - Contract,https://staff.am/en/technical-writer-74, 03 July 2020 ,Yerevan
Praemium RA LLC, IT Business Analyst ,https://staff.am/en/it-business-analyst-36, 02 July 2020 ,Yerevan
WEBIHUB,Product Owner,https://staff.am/en/product-owner-130, 02 July 2020 ,Yerevan
WEBIHUB,QA Engineer,https://staff.am/en/qa-engineer-493, 02 July 2020 ,Yerevan
Pragmatix,Full-stack developer,https://staff.am/en/full-stack-developer-111, 02 July 2020 ,Yerevan
SoftConstruct,Full Stack JS Developer,https://staff.am/en/full-stack-js-developer-36, 02 July 2020 ,Yerevan
FMD K&L EUROPE,PMO Specialist,https://staff.am/en/project-management-specialist, 02 July 2020 ,Yerevan
National Instruments AM LLC,Applications Engineer,https://staff.am/en/applications-engineer-6, 02 July 2020 ,Yerevan
Routetitan,Java Developer,https://staff.am/en/java-dveveloper, 02 July 2020 ,Yerevan
HackTech LLC,Junior Laravel developer,https://staff.am/en/junior-laravel-developer-6, 02 July 2020 ,Yerevan
BIVAC Armenia CJSC,Database Administrator,https://staff.am/en/database-administrator-83, 02 July 2020 ,Yerevan
ՇԻՆԱՐԱՐԱԿԱՆ ՍՊԸ,Junior accountant/Operator 1C,https://staff.am/en/junior-accountantoperator-1c-6, 01 July 2020 ,Yerevan
IMEX GROUP,Service Manager,https://staff.am/en/service-manager-7, 01 July 2020 ,Yerevan
Pangea Cloud Solutions,Tech Lead & Senior Software Engineer,https://staff.am/en/tech-lead-senior-software-engineer, 01 July 2020 ,Yerevan
Envirotech,English Speaking Sales/Support Representative,https://staff.am/en/english-speaking-sales-representative-20, 01 July 2020 ,Yerevan
Pharmastar LLC,Manager,https://staff.am/en/manager-39, 01 July 2020 ,Yerevan
Intelligent Digital Technologies,Scrum master,https://staff.am/en/scrum-master-90, 01 July 2020 ,Yerevan
SFL,Business Development Executive,https://staff.am/en/business-development-executive-10, 01 July 2020 ,Yerevan
Mikshin,Տնօրենի օգնական-գործավարուհի,https://staff.am/en/tnoreni-ognakan-gorcavaruhi, 01 July 2020 ,Yerevan
SFL,Senior UI/UX Designer,https://staff.am/en/senior-uiux-designer-42, 01 July 2020 ,Yerevan
ServiceTitan,Senior Software Engineer ,https://staff.am/en/senior-software-engineer-optimization-algorithms-12, 01 July 2020 ,Yerevan
Locator CJSC,React Native developer,https://staff.am/en/react-native-developer-62, 01 July 2020 ,Yerevan
DISQO,"Engineering Manager, Java Microservices & Data",https://staff.am/en/engineering-manager-java-microservices-data-6, 03 July 2020 ,Yerevan
ServiceTitan,Senior Software Engineer,https://staff.am/en/senior-software-engineer-76, 03 July 2020 ,Yerevan
ServiceTitan,"Senior Software Engineer, Front-End",https://staff.am/en/sr-software-engineer-front-end-27, 03 July 2020 ,Yerevan
ServiceTitan,Senior Site Reliability Engineer,https://staff.am/en/senior-site-reliability-engineer, 15 July 2020 ,Yerevan
ServiceTitan,Lead Software Engineer,https://staff.am/en/lead-software-engineer, 05 July 2020 ,Yerevan
ServiceTitan,QA Automation Engineer,https://staff.am/en/qa-automation-engineer-91, 05 July 2020 ,Yerevan
ServiceTitan,Operations Center Engineer,https://staff.am/en/operations-center-engineer, 15 July 2020 ,Yerevan
